id,class
0,banana
1,wine
2,wine
3,banana
4,wine
5,banana
6,wine
7,banana
8,wine
9,banana
10,banana
11,banana
12,wine
13,banana
14,wine
15,banana
16,banana
17,banana
18,banana
19,wine
20,wine
21,banana
22,banana
23,wine
24,wine
25,wine
26,wine
27,banana
28,wine
29,wine
30,banana
31,wine
32,wine
33,banana
34,banana
35,banana
36,wine
37,wine
38,wine
39,banana
40,banana
41,wine
42,wine
43,banana
44,wine
45,wine
46,wine
47,banana
48,banana
49,wine
50,wine
51,banana
52,banana
53,wine
54,wine
55,banana
56,wine
57,banana
58,wine
59,banana
60,banana
61,wine
62,banana
63,banana
64,wine
65,banana
66,wine
67,wine
68,wine
69,background
70,background
71,background
72,background
73,background
74,background
75,background
76,background
77,background
78,background
79,background
80,background
81,background
82,background
83,background
84,background
85,background
86,background
87,background
88,background
89,background
90,background
91,background
92,background
93,background
94,background
95,background
96,background
97,background
98,background
99,background
